id,origen,destino,numero_paradas,hora,hora_pico,tipo_dia,pasajeros,lluvia,incidente,tiempo_base_min
1,Pedro Ramaya Beltran,Portal de Soledad,2,9,0,Habil,60,1,0,9.2
2,Chiquinquira,Atlantico,1,11,0,Sabado,45,0,0,6.6
3,La Arenosa,Pacho Galan,9,19,1,Domingo,52,0,0,27.4
4,Chiquinquira,La Arenosa,1,8,1,Sabado,63,0,0,6.6
5,La Arenosa,Portal de Soledad,10,14,0,Habil,73,0,1,30.0
6,La Ocho,La Arenosa,5,16,1,Domingo,74,1,0,17.0
7,Joaquin Barrios Polo,La Arenosa,7,14,0,Domingo,34,0,0,22.2
8,La Ocho,La Veintiuna,2,12,0,Habil,53,1,0,9.2
9,Chiquinquira,La Veintiuna,2,13,0,Sabado,20,1,0,9.2
10,La Arenosa,La Veintiuna,3,20,0,Habil,51,1,0,11.8
11,Buenos Aires,La Catorce,2,8,1,Sabado,96,0,0,9.2
12,Pacho Galan,Buenos Aires,3,9,0,Habil,39,0,0,11.8
13,La Catorce,Pedro Ramaya Beltran,4,10,0,Habil,69,0,0,14.4
14,Portal de Soledad,La Catorce,6,20,0,Sabado,47,0,0,19.6
15,Chiquinquira,Joaquin Barrios Polo,6,11,0,Domingo,20,0,0,19.6
16,La Catorce,Pacho Galan,5,16,1,Habil,109,0,0,17.0
17,Joaquin Barrios Polo,Buenos Aires,1,14,0,Habil,50,0,0,6.6
18,Pacho Galan,La Veintiuna,6,9,0,Domingo,30,0,0,19.6
19,Portal de Soledad,Atlantico,8,6,1,Sabado,103,0,0,24.8
20,Pacho Galan,Buenos Aires,3,13,0,Habil,58,0,0,11.8
21,Joaquin Barrios Polo,Pacho Galan,2,14,0,Domingo,71,0,0,9.2
22,La Catorce,La Arenosa,4,22,0,Sabado,52,1,0,14.4
23,Pacho Galan,Atlantico,7,20,0,Habil,59,0,0,22.2
24,Pacho Galan,Atlantico,7,13,0,Habil,59,1,0,22.2
25,Buenos Aires,Pedro Ramaya Beltran,2,11,0,Habil,51,1,0,9.2
26,Buenos Aires,La Veintiuna,3,22,0,Habil,44,1,0,11.8
27,Buenos Aires,Pedro Ramaya Beltran,2,15,0,Sabado,60,0,0,9.2
28,La Veintiuna,Portal de Soledad,7,18,1,Habil,70,0,0,22.2
29,Pacho Galan,Portal de Soledad,1,14,0,Domingo,40,0,0,6.6
30,La Catorce,Buenos Aires,2,5,0,Sabado,14,0,0,9.2
31,Portal de Soledad,Chiquinquira,9,9,0,Habil,43,0,0,27.4
32,Joaquin Barrios Polo,Chiquinquira,6,16,1,Habil,119,0,0,19.6
33,La Ocho,Chiquinquira,4,19,1,Sabado,59,0,0,14.4
34,Portal de Soledad,La Veintiuna,7,20,0,Habil,45,0,0,22.2
35,Portal de Soledad,La Arenosa,10,6,1,Habil,89,0,0,30.0
36,Buenos Aires,La Veintiuna,3,11,0,Sabado,47,0,0,11.8
37,La Arenosa,Buenos Aires,6,5,0,Habil,74,1,0,19.6
38,La Ocho,Chiquinquira,4,11,0,Habil,54,1,0,14.4
39,La Catorce,Buenos Aires,2,22,0,Habil,39,0,0,9.2
40,Atlantico,La Ocho,3,21,0,Sabado,53,0,0,11.8
41,La Arenosa,Joaquin Barrios Polo,7,7,1,Sabado,62,0,0,22.2
42,Pedro Ramaya Beltran,Chiquinquira,7,21,0,Habil,52,0,0,22.2
43,Joaquin Barrios Polo,La Arenosa,7,8,1,Domingo,91,0,0,22.2
44,Chiquinquira,La Ocho,4,22,0,Domingo,63,1,0,14.4
45,Buenos Aires,Joaquin Barrios Polo,1,17,1,Habil,79,0,1,6.6
46,La Ocho,Joaquin Barrios Polo,2,6,1,Habil,112,0,0,9.2
47,Joaquin Barrios Polo,La Catorce,3,10,0,Habil,76,0,0,11.8
48,Joaquin Barrios Polo,Atlantico,5,5,0,Sabado,46,1,0,17.0
49,Portal de Soledad,Pacho Galan,1,9,0,Domingo,43,1,0,6.6
50,Pacho Galan,Atlantico,7,17,1,Habil,58,1,1,22.2
51,La Veintiuna,Pedro Ramaya Beltran,5,5,0,Habil,65,0,0,17.0
52,La Ocho,Chiquinquira,4,19,1,Sabado,86,0,0,14.4
53,Portal de Soledad,Atlantico,8,17,1,Habil,111,1,0,24.8
54,Pedro Ramaya Beltran,Buenos Aires,2,22,0,Domingo,47,0,0,9.2
55,Chiquinquira,La Catorce,3,11,0,Habil,30,0,1,11.8
56,Atlantico,La Ocho,3,10,0,Habil,32,0,0,11.8
57,La Arenosa,Pedro Ramaya Beltran,8,18,1,Sabado,62,1,0,24.8
58,Pedro Ramaya Beltran,Portal de Soledad,2,8,1,Habil,93,0,0,9.2
59,Chiquinquira,La Catorce,3,5,0,Habil,41,1,0,11.8
60,Chiquinquira,La Catorce,3,16,1,Domingo,76,0,0,11.8
61,La Catorce,Chiquinquira,3,17,1,Sabado,59,0,1,11.8
62,La Veintiuna,Joaquin Barrios Polo,4,22,0,Habil,77,0,0,14.4
63,La Arenosa,Pedro Ramaya Beltran,8,8,1,Habil,76,0,1,24.8
64,Joaquin Barrios Polo,La Arenosa,7,18,1,Sabado,87,1,0,22.2
65,Atlantico,La Veintiuna,1,19,1,Habil,116,0,0,6.6
66,Atlantico,Buenos Aires,4,20,0,Habil,58,0,1,14.4
67,Buenos Aires,La Veintiuna,3,18,1,Habil,108,0,0,11.8
68,Buenos Aires,Pacho Galan,3,5,0,Habil,89,0,0,11.8
69,La Ocho,Portal de Soledad,5,9,0,Habil,45,0,0,17.0
70,La Ocho,Pedro Ramaya Beltran,3,6,1,Domingo,53,0,0,11.8
71,La Veintiuna,La Arenosa,3,8,1,Domingo,84,0,0,11.8
72,La Arenosa,La Catorce,4,11,0,Habil,60,0,0,14.4
73,Pacho Galan,Atlantico,7,21,0,Habil,60,0,1,22.2
74,Portal de Soledad,Chiquinquira,9,6,1,Sabado,84,0,0,27.4
75,Portal de Soledad,Chiquinquira,9,21,0,Sabado,29,0,0,27.4
76,La Catorce,La Arenosa,4,16,1,Habil,102,0,0,14.4
77,Joaquin Barrios Polo,Pedro Ramaya Beltran,1,5,0,Habil,34,0,0,6.6
78,La Arenosa,Atlantico,2,12,0,Habil,64,0,0,9.2
79,La Arenosa,Atlantico,2,9,0,Habil,46,0,0,9.2
80,Pacho Galan,Joaquin Barrios Polo,2,17,1,Habil,117,1,0,9.2
81,La Catorce,La Ocho,1,22,0,Habil,45,0,0,6.6
82,Portal de Soledad,Buenos Aires,4,22,0,Sabado,60,0,1,14.4
83,Atlantico,Portal de Soledad,8,12,0,Sabado,33,0,0,24.8
84,Pacho Galan,Portal de Soledad,1,9,0,Domingo,10,1,1,6.6
85,Atlantico,La Ocho,3,6,1,Domingo,37,0,0,11.8
86,Chiquinquira,La Catorce,3,14,0,Sabado,37,0,0,11.8
87,Atlantico,Buenos Aires,4,5,0,Habil,55,0,0,14.4
88,La Ocho,La Catorce,1,16,1,Sabado,44,0,0,6.6
89,La Catorce,La Arenosa,4,11,0,Habil,82,0,0,14.4
90,Pacho Galan,Chiquinquira,8,11,0,Habil,48,0,0,24.8
91,Pacho Galan,Joaquin Barrios Polo,2,5,0,Habil,62,1,0,9.2
92,Chiquinquira,Atlantico,1,17,1,Habil,82,0,0,6.6
93,Chiquinquira,Portal de Soledad,9,22,0,Habil,32,0,0,27.4
94,Pacho Galan,Chiquinquira,8,5,0,Habil,38,0,1,24.8
95,Chiquinquira,Pacho Galan,8,11,0,Habil,47,0,0,24.8
96,La Arenosa,La Ocho,5,21,0,Habil,54,1,0,17.0
97,Portal de Soledad,La Veintiuna,7,7,1,Habil,84,1,0,22.2
98,Joaquin Barrios Polo,Pacho Galan,2,8,1,Habil,69,1,0,9.2
99,Pedro Ramaya Beltran,Joaquin Barrios Polo,1,12,0,Habil,50,1,0,6.6
100,Chiquinquira,Pedro Ramaya Beltran,7,15,0,Habil,59,1,0,22.2
101,La Ocho,Atlantico,3,21,0,Habil,51,0,0,11.8
102,Atlantico,Pacho Galan,7,16,1,Sabado,81,1,0,22.2
103,La Ocho,Buenos Aires,1,18,1,Habil,123,0,0,6.6
104,Pedro Ramaya Beltran,Joaquin Barrios Polo,1,14,0,Sabado,64,0,0,6.6
105,Portal de Soledad,Atlantico,8,12,0,Sabado,19,1,0,24.8
106,La Arenosa,La Catorce,4,11,0,Habil,85,0,0,14.4
107,Atlantico,La Arenosa,2,22,0,Habil,61,0,0,9.2
108,La Ocho,Chiquinquira,4,16,1,Habil,94,0,0,14.4
109,La Ocho,Buenos Aires,1,19,1,Habil,120,0,1,6.6
110,Buenos Aires,Joaquin Barrios Polo,1,14,0,Habil,77,0,0,6.6
111,La Catorce,Buenos Aires,2,20,0,Habil,56,0,0,9.2
112,Buenos Aires,La Veintiuna,3,19,1,Habil,102,0,0,11.8
113,Portal de Soledad,Pacho Galan,1,16,1,Domingo,96,1,1,6.6
114,La Veintiuna,Chiquinquira,2,14,0,Sabado,61,1,0,9.2
115,Pedro Ramaya Beltran,Joaquin Barrios Polo,1,14,0,Habil,92,1,0,6.6
116,Joaquin Barrios Polo,Portal de Soledad,3,12,0,Habil,60,0,0,11.8
117,Portal de Soledad,La Arenosa,10,8,1,Habil,109,1,0,30.0
118,Pedro Ramaya Beltran,Atlantico,6,13,0,Habil,54,0,0,19.6
119,Portal de Soledad,La Veintiuna,7,16,1,Sabado,79,0,0,22.2
120,Buenos Aires,La Catorce,2,22,0,Habil,50,1,0,9.2
121,Portal de Soledad,La Veintiuna,7,13,0,Habil,49,1,0,22.2
122,La Catorce,La Veintiuna,1,15,0,Sabado,39,0,0,6.6
123,Atlantico,La Veintiuna,1,10,0,Habil,83,0,0,6.6
124,Portal de Soledad,Pedro Ramaya Beltran,2,10,0,Habil,43,0,0,9.2
125,Atlantico,La Catorce,2,5,0,Domingo,37,0,0,9.2
126,La Ocho,La Veintiuna,2,11,0,Domingo,32,0,1,9.2
127,La Ocho,Portal de Soledad,5,5,0,Habil,42,0,0,17.0
128,La Arenosa,La Veintiuna,3,11,0,Habil,85,0,0,11.8
129,Chiquinquira,Pacho Galan,8,13,0,Domingo,12,1,1,24.8
130,Pedro Ramaya Beltran,Buenos Aires,2,20,0,Domingo,30,0,0,9.2
131,Chiquinquira,La Arenosa,1,19,1,Habil,105,0,0,6.6
132,Portal de Soledad,La Veintiuna,7,19,1,Domingo,92,1,0,22.2
133,Pedro Ramaya Beltran,Portal de Soledad,2,7,1,Habil,121,0,0,9.2
134,La Ocho,Portal de Soledad,5,7,1,Habil,94,1,0,17.0
135,Portal de Soledad,Joaquin Barrios Polo,3,6,1,Habil,102,0,0,11.8
136,La Ocho,Pacho Galan,4,13,0,Habil,34,0,1,14.4
137,La Catorce,Pacho Galan,5,16,1,Habil,103,0,1,17.0
138,La Veintiuna,La Arenosa,3,20,0,Habil,76,1,0,11.8
139,Joaquin Barrios Polo,Chiquinquira,6,15,0,Habil,64,1,0,19.6
140,Portal de Soledad,La Veintiuna,7,19,1,Habil,80,0,0,22.2
141,Atlantico,La Catorce,2,7,1,Sabado,89,0,0,9.2
142,Atlantico,La Ocho,3,14,0,Habil,59,0,0,11.8
143,La Catorce,Pacho Galan,5,16,1,Habil,97,0,0,17.0
144,La Ocho,Pacho Galan,4,22,0,Sabado,28,1,0,14.4
145,La Arenosa,Pedro Ramaya Beltran,8,20,0,Habil,65,0,0,24.8
146,La Veintiuna,Portal de Soledad,7,18,1,Domingo,94,1,0,22.2
147,Pedro Ramaya Beltran,Joaquin Barrios Polo,1,7,1,Sabado,70,0,0,6.6
148,La Veintiuna,Pedro Ramaya Beltran,5,21,0,Domingo,21,0,0,17.0
149,Chiquinquira,Joaquin Barrios Polo,6,12,0,Habil,76,0,0,19.6
150,Buenos Aires,Portal de Soledad,4,20,0,Habil,82,0,1,14.4
151,Chiquinquira,Buenos Aires,5,11,0,Sabado,53,0,0,17.0
152,La Veintiuna,La Catorce,1,16,1,Habil,72,0,0,6.6
153,Buenos Aires,Joaquin Barrios Polo,1,19,1,Habil,80,0,0,6.6
154,Portal de Soledad,Buenos Aires,4,10,0,Habil,65,0,0,14.4
155,Buenos Aires,Pacho Galan,3,11,0,Domingo,47,0,0,11.8
156,La Catorce,La Veintiuna,1,15,0,Habil,55,1,0,6.6
157,Pacho Galan,La Ocho,4,8,1,Domingo,65,0,0,14.4
158,Portal de Soledad,Joaquin Barrios Polo,3,9,0,Habil,58,0,0,11.8
159,Pedro Ramaya Beltran,La Catorce,4,20,0,Habil,65,1,0,14.4
160,Pacho Galan,Pedro Ramaya Beltran,1,14,0,Sabado,43,0,0,6.6
161,Portal de Soledad,Buenos Aires,4,19,1,Habil,99,0,0,14.4
162,La Catorce,Buenos Aires,2,13,0,Habil,37,0,0,9.2
163,Chiquinquira,La Arenosa,1,9,0,Habil,67,0,0,6.6
164,Joaquin Barrios Polo,Atlantico,5,21,0,Habil,59,1,0,17.0
165,Buenos Aires,Pacho Galan,3,22,0,Habil,30,0,0,11.8
166,Atlantico,Pacho Galan,7,15,0,Domingo,35,0,0,22.2
167,Atlantico,Buenos Aires,4,6,1,Habil,102,1,0,14.4
168,La Arenosa,Pedro Ramaya Beltran,8,13,0,Sabado,33,0,0,24.8
169,La Ocho,Pedro Ramaya Beltran,3,21,0,Sabado,44,0,0,11.8
170,Chiquinquira,La Arenosa,1,8,1,Habil,121,0,1,6.6
171,Joaquin Barrios Polo,Atlantico,5,9,0,Habil,59,0,0,17.0
172,Pacho Galan,Pedro Ramaya Beltran,1,6,1,Habil,109,0,0,6.6
173,Chiquinquira,Pedro Ramaya Beltran,7,15,0,Sabado,60,1,0,22.2
174,La Catorce,La Ocho,1,18,1,Sabado,86,1,0,6.6
175,La Veintiuna,Atlantico,1,13,0,Habil,25,1,0,6.6
176,Joaquin Barrios Polo,La Catorce,3,7,1,Habil,122,0,1,11.8
177,Pedro Ramaya Beltran,Chiquinquira,7,22,0,Sabado,42,0,0,22.2
178,Buenos Aires,Pacho Galan,3,18,1,Domingo,45,0,0,11.8
179,La Veintiuna,La Ocho,2,11,0,Habil,50,0,1,9.2
180,Pacho Galan,Pedro Ramaya Beltran,1,18,1,Habil,120,0,0,6.6
181,Atlantico,La Arenosa,2,8,1,Habil,81,1,1,9.2
182,La Veintiuna,La Arenosa,3,12,0,Habil,56,1,1,11.8
183,Atlantico,La Arenosa,2,20,0,Habil,75,0,0,9.2
184,Buenos Aires,La Veintiuna,3,14,0,Sabado,47,0,0,11.8
185,La Veintiuna,Portal de Soledad,7,12,0,Habil,22,0,0,22.2
186,Pedro Ramaya Beltran,Chiquinquira,7,8,1,Habil,89,0,0,22.2
187,Chiquinquira,La Arenosa,1,15,0,Habil,47,0,0,6.6
188,Joaquin Barrios Polo,La Catorce,3,10,0,Habil,12,0,0,11.8
189,Portal de Soledad,Buenos Aires,4,16,1,Habil,65,0,0,14.4
190,Buenos Aires,Portal de Soledad,4,15,0,Habil,43,1,0,14.4
191,La Arenosa,La Veintiuna,3,7,1,Domingo,97,0,0,11.8
192,Joaquin Barrios Polo,Portal de Soledad,3,22,0,Habil,69,0,0,11.8
193,Chiquinquira,Buenos Aires,5,21,0,Habil,57,0,0,17.0
194,La Ocho,Joaquin Barrios Polo,2,21,0,Habil,83,0,0,9.2
195,La Ocho,Chiquinquira,4,14,0,Sabado,11,0,0,14.4
196,Atlantico,Chiquinquira,1,14,0,Habil,62,0,0,6.6
197,Atlantico,Buenos Aires,4,7,1,Habil,74,0,1,14.4
198,Pacho Galan,Buenos Aires,3,10,0,Habil,68,1,0,11.8
199,Pacho Galan,Pedro Ramaya Beltran,1,10,0,Sabado,36,0,0,6.6
200,Buenos Aires,Portal de Soledad,4,10,0,Habil,52,0,0,14.4
201,La Ocho,Pedro Ramaya Beltran,3,13,0,Habil,51,1,0,11.8
202,La Arenosa,Buenos Aires,6,10,0,Habil,62,0,0,19.6
203,La Veintiuna,Joaquin Barrios Polo,4,11,0,Habil,66,1,0,14.4
204,Chiquinquira,Pacho Galan,8,13,0,Habil,74,0,0,24.8
205,La Arenosa,Buenos Aires,6,15,0,Habil,62,1,0,19.6
206,Pacho Galan,Portal de Soledad,1,8,1,Domingo,62,0,0,6.6
207,La Ocho,Joaquin Barrios Polo,2,18,1,Habil,92,0,0,9.2
208,Joaquin Barrios Polo,Pedro Ramaya Beltran,1,11,0,Habil,41,0,0,6.6
209,La Arenosa,Atlantico,2,14,0,Habil,35,0,1,9.2
210,Atlantico,Portal de Soledad,8,16,1,Habil,87,0,0,24.8
211,La Ocho,La Veintiuna,2,15,0,Domingo,22,1,0,9.2
212,Chiquinquira,Pacho Galan,8,21,0,Habil,80,0,0,24.8
213,Portal de Soledad,Atlantico,8,9,0,Sabado,15,0,0,24.8
214,Portal de Soledad,Pacho Galan,1,18,1,Sabado,86,0,0,6.6
215,Joaquin Barrios Polo,La Veintiuna,4,7,1,Domingo,63,0,0,14.4
216,Chiquinquira,La Ocho,4,11,0,Habil,78,0,0,14.4
217,Atlantico,Chiquinquira,1,13,0,Habil,13,0,0,6.6
218,La Veintiuna,Atlantico,1,20,0,Domingo,36,0,0,6.6
219,La Veintiuna,La Catorce,1,15,0,Habil,52,0,0,6.6
220,Portal de Soledad,Atlantico,8,7,1,Habil,94,0,0,24.8
221,La Veintiuna,Pedro Ramaya Beltran,5,17,1,Habil,102,0,0,17.0
222,Joaquin Barrios Polo,Atlantico,5,17,1,Domingo,79,1,0,17.0
223,La Ocho,Portal de Soledad,5,6,1,Habil,93,1,0,17.0
224,Buenos Aires,Joaquin Barrios Polo,1,12,0,Habil,71,1,0,6.6
225,Buenos Aires,Portal de Soledad,4,17,1,Habil,90,0,0,14.4
226,Atlantico,La Catorce,2,18,1,Habil,106,0,1,9.2
227,La Ocho,Chiquinquira,4,21,0,Domingo,10,0,0,14.4
228,La Veintiuna,Pedro Ramaya Beltran,5,18,1,Sabado,66,0,0,17.0
229,La Ocho,La Arenosa,5,15,0,Domingo,33,0,0,17.0
230,Pacho Galan,La Catorce,5,5,0,Habil,65,0,0,17.0
231,Atlantico,La Veintiuna,1,17,1,Habil,101,1,0,6.6
232,Joaquin Barrios Polo,Atlantico,5,21,0,Habil,51,0,0,17.0
233,La Veintiuna,Joaquin Barrios Polo,4,17,1,Habil,99,0,0,14.4
234,Pacho Galan,Pedro Ramaya Beltran,1,16,1,Sabado,73,1,0,6.6
235,Buenos Aires,Joaquin Barrios Polo,1,21,0,Sabado,50,0,1,6.6
236,La Ocho,Chiquinquira,4,14,0,Habil,67,1,1,14.4
237,Pedro Ramaya Beltran,La Arenosa,8,20,0,Habil,45,0,0,24.8
238,Buenos Aires,Joaquin Barrios Polo,1,9,0,Habil,88,1,0,6.6
239,Portal de Soledad,Atlantico,8,19,1,Sabado,50,0,0,24.8
240,Joaquin Barrios Polo,Pacho Galan,2,15,0,Domingo,10,0,0,9.2
241,La Ocho,La Arenosa,5,21,0,Habil,32,1,0,17.0
242,Portal de Soledad,Pacho Galan,1,21,0,Domingo,50,0,0,6.6
243,Pacho Galan,La Veintiuna,6,7,1,Sabado,68,1,0,19.6
244,Pacho Galan,Portal de Soledad,1,6,1,Habil,73,0,0,6.6
245,Portal de Soledad,La Arenosa,10,9,0,Sabado,43,0,0,30.0
246,La Ocho,Pacho Galan,4,13,0,Habil,39,0,0,14.4
247,La Veintiuna,La Ocho,2,7,1,Sabado,98,1,1,9.2
248,La Catorce,La Ocho,1,9,0,Habil,36,0,0,6.6
249,La Veintiuna,La Catorce,1,22,0,Domingo,61,0,0,6.6
250,Pacho Galan,La Catorce,5,5,0,Habil,51,0,1,17.0
251,La Veintiuna,Joaquin Barrios Polo,4,6,1,Habil,80,1,1,14.4
252,Joaquin Barrios Polo,Portal de Soledad,3,10,0,Domingo,35,0,0,11.8
253,La Ocho,Portal de Soledad,5,7,1,Habil,99,0,0,17.0
254,Pacho Galan,La Veintiuna,6,20,0,Habil,26,0,0,19.6
255,La Catorce,Chiquinquira,3,22,0,Habil,70,0,0,11.8
256,Portal de Soledad,Atlantico,8,7,1,Habil,76,1,1,24.8
257,La Ocho,Chiquinquira,4,8,1,Sabado,89,0,0,14.4
258,La Veintiuna,Pacho Galan,6,8,1,Habil,85,1,1,19.6
259,Pedro Ramaya Beltran,Chiquinquira,7,13,0,Habil,62,0,0,22.2
260,La Ocho,La Catorce,1,22,0,Habil,85,0,0,6.6
261,Pacho Galan,Portal de Soledad,1,7,1,Habil,127,0,0,6.6
262,Atlantico,Pedro Ramaya Beltran,6,8,1,Habil,112,0,0,19.6
263,Joaquin Barrios Polo,Chiquinquira,6,14,0,Habil,56,1,0,19.6
264,Atlantico,Buenos Aires,4,21,0,Habil,78,0,0,14.4
265,La Arenosa,La Veintiuna,3,16,1,Habil,89,0,0,11.8
266,Joaquin Barrios Polo,Chiquinquira,6,6,1,Habil,93,0,1,19.6
267,Chiquinquira,Pacho Galan,8,21,0,Habil,17,1,0,24.8
268,Buenos Aires,La Veintiuna,3,8,1,Domingo,24,1,0,11.8
269,La Veintiuna,La Ocho,2,16,1,Domingo,67,0,0,9.2
270,Chiquinquira,Joaquin Barrios Polo,6,13,0,Habil,65,1,0,19.6
271,La Veintiuna,Portal de Soledad,7,12,0,Habil,59,0,1,22.2
272,Atlantico,La Ocho,3,11,0,Sabado,26,1,0,11.8
273,Portal de Soledad,Joaquin Barrios Polo,3,20,0,Habil,40,0,0,11.8
274,Joaquin Barrios Polo,Pacho Galan,2,18,1,Habil,111,0,0,9.2
275,Buenos Aires,La Veintiuna,3,21,0,Habil,71,0,0,11.8
276,La Catorce,Joaquin Barrios Polo,3,22,0,Habil,49,0,0,11.8
277,Atlantico,Buenos Aires,4,19,1,Habil,121,1,0,14.4
278,Pedro Ramaya Beltran,La Veintiuna,5,17,1,Habil,92,1,0,17.0
279,Pacho Galan,Chiquinquira,8,6,1,Sabado,110,0,0,24.8
280,La Catorce,Chiquinquira,3,21,0,Habil,58,0,0,11.8
281,Buenos Aires,La Catorce,2,18,1,Domingo,75,0,0,9.2
282,Pacho Galan,Portal de Soledad,1,5,0,Habil,40,1,0,6.6
283,Pedro Ramaya Beltran,La Arenosa,8,5,0,Habil,63,0,0,24.8
284,Pacho Galan,La Ocho,4,18,1,Habil,128,1,1,14.4
285,La Veintiuna,Atlantico,1,19,1,Sabado,52,0,0,6.6
286,Portal de Soledad,Pedro Ramaya Beltran,2,9,0,Habil,33,1,0,9.2
287,La Catorce,La Ocho,1,17,1,Domingo,67,0,0,6.6
288,Portal de Soledad,Pedro Ramaya Beltran,2,7,1,Habil,62,0,0,9.2
289,La Arenosa,Joaquin Barrios Polo,7,20,0,Habil,43,0,0,22.2
290,Pacho Galan,La Veintiuna,6,11,0,Habil,75,0,1,19.6
291,La Veintiuna,Joaquin Barrios Polo,4,21,0,Sabado,27,0,0,14.4
292,Buenos Aires,La Veintiuna,3,16,1,Domingo,63,0,0,11.8
293,Pedro Ramaya Beltran,La Veintiuna,5,14,0,Habil,13,1,1,17.0
294,Portal de Soledad,La Ocho,5,7,1,Sabado,57,1,1,17.0
295,Atlantico,La Ocho,3,19,1,Habil,62,0,0,11.8
296,Joaquin Barrios Polo,La Ocho,2,9,0,Sabado,23,0,0,9.2
297,La Catorce,La Ocho,1,15,0,Habil,66,0,0,6.6
298,Chiquinquira,Buenos Aires,5,17,1,Habil,87,0,0,17.0
299,La Veintiuna,La Arenosa,3,18,1,Domingo,87,0,0,11.8
300,Pacho Galan,La Catorce,5,9,0,Habil,59,0,0,17.0
301,Buenos Aires,La Veintiuna,3,5,0,Sabado,82,0,0,11.8
302,La Catorce,Pedro Ramaya Beltran,4,20,0,Domingo,43,0,0,14.4
303,Joaquin Barrios Polo,Chiquinquira,6,16,1,Habil,115,1,0,19.6
304,La Veintiuna,Joaquin Barrios Polo,4,12,0,Habil,91,1,0,14.4
305,Pedro Ramaya Beltran,La Arenosa,8,20,0,Habil,58,0,0,24.8
306,La Ocho,La Veintiuna,2,9,0,Habil,54,0,0,9.2
307,La Ocho,Joaquin Barrios Polo,2,15,0,Habil,46,0,1,9.2
308,La Arenosa,La Veintiuna,3,19,1,Domingo,49,0,0,11.8
309,Chiquinquira,Portal de Soledad,9,14,0,Sabado,50,0,0,27.4
310,Pedro Ramaya Beltran,Pacho Galan,1,8,1,Sabado,73,0,0,6.6
311,La Veintiuna,Buenos Aires,3,5,0,Habil,30,0,0,11.8
312,La Arenosa,Atlantico,2,15,0,Habil,26,0,0,9.2
313,Atlantico,Joaquin Barrios Polo,5,10,0,Habil,90,0,1,17.0
314,Atlantico,La Arenosa,2,5,0,Habil,38,0,0,9.2
315,Pedro Ramaya Beltran,Atlantico,6,19,1,Domingo,47,1,0,19.6
316,La Catorce,Pacho Galan,5,7,1,Habil,89,1,0,17.0
317,La Catorce,Pacho Galan,5,21,0,Habil,32,0,0,17.0
318,Joaquin Barrios Polo,La Veintiuna,4,19,1,Sabado,57,0,0,14.4
319,Atlantico,La Arenosa,2,19,1,Domingo,53,1,0,9.2
320,La Ocho,Buenos Aires,1,22,0,Habil,33,0,0,6.6
321,Portal de Soledad,Pedro Ramaya Beltran,2,21,0,Habil,54,0,0,9.2
322,La Catorce,La Veintiuna,1,20,0,Domingo,23,1,0,6.6
323,Portal de Soledad,Joaquin Barrios Polo,3,20,0,Habil,51,0,0,11.8
324,Pedro Ramaya Beltran,Buenos Aires,2,12,0,Habil,52,0,0,9.2
325,Portal de Soledad,La Ocho,5,20,0,Sabado,44,0,0,17.0
326,La Veintiuna,Pedro Ramaya Beltran,5,15,0,Habil,42,0,0,17.0
327,Atlantico,Chiquinquira,1,20,0,Domingo,63,0,0,6.6
328,Buenos Aires,Pacho Galan,3,17,1,Habil,80,0,0,11.8
329,La Arenosa,Buenos Aires,6,14,0,Domingo,56,0,1,19.6
330,Pacho Galan,Buenos Aires,3,13,0,Habil,60,1,0,11.8
331,Pacho Galan,Joaquin Barrios Polo,2,11,0,Habil,31,0,0,9.2
332,Pedro Ramaya Beltran,Buenos Aires,2,18,1,Habil,109,0,0,9.2
333,La Ocho,Buenos Aires,1,11,0,Habil,63,0,0,6.6
334,Buenos Aires,La Ocho,1,20,0,Habil,65,0,0,6.6
335,La Ocho,La Arenosa,5,20,0,Domingo,63,1,0,17.0
336,La Catorce,La Veintiuna,1,9,0,Habil,30,0,0,6.6
337,Joaquin Barrios Polo,Pacho Galan,2,11,0,Habil,58,0,0,9.2
338,Joaquin Barrios Polo,La Ocho,2,6,1,Domingo,64,0,0,9.2
339,Portal de Soledad,Atlantico,8,21,0,Domingo,22,0,0,24.8
340,Atlantico,Pacho Galan,7,10,0,Habil,50,0,0,22.2
341,La Veintiuna,Atlantico,1,13,0,Sabado,30,1,0,6.6
342,La Ocho,La Catorce,1,14,0,Habil,58,0,0,6.6
343,La Arenosa,La Ocho,5,20,0,Habil,78,0,0,17.0
344,La Veintiuna,Joaquin Barrios Polo,4,6,1,Habil,71,0,0,14.4
345,Pedro Ramaya Beltran,La Veintiuna,5,20,0,Habil,75,0,0,17.0
346,Atlantico,La Arenosa,2,16,1,Domingo,53,0,0,9.2
347,Buenos Aires,Portal de Soledad,4,20,0,Sabado,63,0,1,14.4
348,La Catorce,Joaquin Barrios Polo,3,9,0,Domingo,65,1,0,11.8
349,Buenos Aires,Portal de Soledad,4,13,0,Sabado,48,0,0,14.4
350,La Catorce,Buenos Aires,2,6,1,Habil,89,1,0,9.2
351,Pacho Galan,La Catorce,5,20,0,Sabado,62,0,0,17.0
352,Portal de Soledad,Pacho Galan,1,12,0,Habil,82,0,0,6.6
353,Portal de Soledad,Atlantico,8,6,1,Habil,41,1,0,24.8
354,La Ocho,Buenos Aires,1,11,0,Domingo,59,1,0,6.6
355,Chiquinquira,La Ocho,4,12,0,Habil,15,1,0,14.4
356,Joaquin Barrios Polo,Pacho Galan,2,21,0,Sabado,40,0,0,9.2
357,Buenos Aires,La Arenosa,6,5,0,Habil,43,0,0,19.6
358,Pedro Ramaya Beltran,Portal de Soledad,2,17,1,Sabado,43,1,0,9.2
359,Joaquin Barrios Polo,La Veintiuna,4,17,1,Habil,111,0,0,14.4
360,Pedro Ramaya Beltran,Chiquinquira,7,13,0,Domingo,46,1,0,22.2
361,La Veintiuna,La Arenosa,3,12,0,Habil,48,1,0,11.8
362,Pedro Ramaya Beltran,Buenos Aires,2,18,1,Domingo,89,0,0,9.2
363,Chiquinquira,Portal de Soledad,9,15,0,Sabado,10,0,0,27.4
364,La Arenosa,La Catorce,4,8,1,Habil,106,1,0,14.4
365,Joaquin Barrios Polo,La Ocho,2,11,0,Habil,27,0,0,9.2
366,Buenos Aires,Joaquin Barrios Polo,1,5,0,Habil,77,0,0,6.6
367,Pacho Galan,La Ocho,4,19,1,Habil,92,0,0,14.4
368,La Arenosa,Pedro Ramaya Beltran,8,16,1,Sabado,109,0,0,24.8
369,Pedro Ramaya Beltran,Joaquin Barrios Polo,1,16,1,Habil,86,0,0,6.6
370,La Arenosa,La Veintiuna,3,17,1,Sabado,77,1,0,11.8
371,Pedro Ramaya Beltran,Buenos Aires,2,9,0,Habil,88,1,0,9.2
372,La Veintiuna,Pacho Galan,6,15,0,Habil,38,0,1,19.6
373,La Ocho,Portal de Soledad,5,15,0,Habil,46,1,0,17.0
374,Pedro Ramaya Beltran,Pacho Galan,1,18,1,Habil,86,0,0,6.6
375,La Veintiuna,Portal de Soledad,7,7,1,Habil,83,0,0,22.2
376,La Arenosa,La Ocho,5,12,0,Habil,47,0,1,17.0
377,Atlantico,La Veintiuna,1,10,0,Habil,79,0,0,6.6
378,La Veintiuna,La Ocho,2,20,0,Habil,61,0,0,9.2
379,Portal de Soledad,Pacho Galan,1,10,0,Habil,60,0,0,6.6
380,Pedro Ramaya Beltran,La Arenosa,8,10,0,Habil,46,0,0,24.8
381,La Catorce,Chiquinquira,3,6,1,Habil,92,0,0,11.8
382,La Ocho,La Veintiuna,2,22,0,Habil,64,0,0,9.2
383,La Ocho,Pacho Galan,4,22,0,Habil,33,0,0,14.4
384,La Arenosa,Chiquinquira,1,10,0,Habil,50,0,0,6.6
385,Chiquinquira,Portal de Soledad,9,5,0,Habil,55,0,1,27.4
386,La Arenosa,Portal de Soledad,10,17,1,Habil,85,0,0,30.0
387,La Catorce,La Ocho,1,5,0,Habil,41,0,0,6.6
388,Portal de Soledad,Chiquinquira,9,15,0,Habil,22,1,0,27.4
389,Chiquinquira,Atlantico,1,21,0,Sabado,32,1,0,6.6
390,Portal de Soledad,Pedro Ramaya Beltran,2,12,0,Habil,42,0,0,9.2
391,Chiquinquira,La Veintiuna,2,7,1,Habil,75,0,0,9.2
392,La Catorce,La Ocho,1,13,0,Habil,56,0,0,6.6
393,La Ocho,La Veintiuna,2,7,1,Sabado,79,0,0,9.2
394,La Ocho,Buenos Aires,1,14,0,Habil,74,1,0,6.6
395,La Catorce,La Arenosa,4,9,0,Habil,42,0,1,14.4
396,Chiquinquira,Joaquin Barrios Polo,6,14,0,Habil,75,0,0,19.6
397,Pacho Galan,Joaquin Barrios Polo,2,9,0,Habil,73,0,0,9.2
398,Buenos Aires,Pacho Galan,3,17,1,Habil,91,0,1,11.8
399,Buenos Aires,La Veintiuna,3,18,1,Habil,86,0,1,11.8
400,La Arenosa,Atlantico,2,6,1,Habil,104,0,0,9.2
401,La Ocho,Portal de Soledad,5,21,0,Domingo,35,0,0,17.0
402,Buenos Aires,Pacho Galan,3,21,0,Habil,49,0,0,11.8
403,Joaquin Barrios Polo,Buenos Aires,1,15,0,Habil,16,0,0,6.6
404,La Catorce,Portal de Soledad,6,12,0,Habil,61,0,1,19.6
405,Joaquin Barrios Polo,La Arenosa,7,22,0,Habil,56,0,0,22.2
406,La Veintiuna,Pacho Galan,6,18,1,Habil,78,0,0,19.6
407,La Catorce,La Veintiuna,1,16,1,Sabado,96,1,0,6.6
408,Portal de Soledad,Pedro Ramaya Beltran,2,13,0,Domingo,22,1,0,9.2
409,Buenos Aires,Pedro Ramaya Beltran,2,13,0,Habil,41,0,0,9.2
410,La Ocho,Portal de Soledad,5,12,0,Habil,38,0,0,17.0
411,Atlantico,La Ocho,3,6,1,Habil,101,0,0,11.8
412,Pacho Galan,Atlantico,7,16,1,Habil,103,0,0,22.2
413,La Veintiuna,Buenos Aires,3,9,0,Domingo,54,0,0,11.8
414,La Arenosa,Portal de Soledad,10,21,0,Habil,22,0,0,30.0
415,Pedro Ramaya Beltran,Atlantico,6,12,0,Domingo,23,0,0,19.6
416,La Veintiuna,Pacho Galan,6,11,0,Habil,56,0,0,19.6
417,La Arenosa,La Ocho,5,6,1,Domingo,100,0,0,17.0
418,La Veintiuna,La Catorce,1,21,0,Habil,37,0,0,6.6
419,Pacho Galan,La Ocho,4,13,0,Habil,58,0,0,14.4
420,Atlantico,La Ocho,3,19,1,Habil,57,1,0,11.8
